DOI:,10.1021/jacsau.4c01276
Details URL:,https://kmt.vander-lingen.nl/data/reaction/profile/4c6dc9f75848c01b386e4356ef4f8019
Overall Reaction SMILES:,C(C)(=O)OC\C=C(/C)\CC\C=C(/C)\CCC=C(C)C>ClCCl.C(C)(C)(C)OO.[Se](=O)=O.[O-]S(=O)(=S)[O-].[Na+].[Na+]>C(C)(=O)OC\C=C(\CC\C=C(\CC\C=C(\C=O)/C)/C)/C
Role,Name,SMILES,Ratio
reactant,"(2E,6E)-Farnesyl Acetate",C(C)(=O)OC\C=C(/C)\CC\C=C(/C)\CCC=C(C)C,1.0
solvent,dichloromethane,ClCCl,31.1
oxidizing agent,tert-butyl hydroperoxide,C(C)(C)(C)OO,3.0
reagent,selenium dioxide,[Se](=O)=O,0.3
quench,sodium thiosulfate,[O-]S(=O)(=S)[O-].[Na+].[Na+],6.4
product,"(2E,6E,10E)-12-oxo-3,7,11-trimethyldodeca-2,6,10-trien-1-yl acetate",C(C)(=O)OC\C=C(\CC\C=C(\CC\C=C(\C=O)/C)/C)/C,

==================================================

DOI:,10.1021/jacsau.4c01276
Details URL:,https://kmt.vander-lingen.nl/data/reaction/profile/bdd4a1e5f509dbac291ee6f77bf3a955
Overall Reaction SMILES:,C(C)(=O)OC\C=C(\CC\C=C(\CC\C=C(\C=O)/C)/C)/C>CO[H].[Na+].[BH4-]>C(C)(=O)OC\C=C(\CC\C=C(\CC\C=C(\CO)/C)/C)/C
Role,Name,SMILES,Ratio
reactant,"(2E,6E,10E)-12-oxo-3,7,11-trimethyldodeca-2,6,10-trien-1-yl acetate",C(C)(=O)OC\C=C(\CC\C=C(\CC\C=C(\C=O)/C)/C)/C,1.0
solvent,methanol,CO[H],49.0
reducing agent,sodium borohydride,[Na+].[BH4-],1.0
product,"(2E,6E,10E)-12-Hydroxy-3,7,11-trimethyldodeca-2,6,10-trien-1-yl acetate",C(C)(=O)OC\C=C(\CC\C=C(\CC\C=C(\CO)/C)/C)/C,0.5

==================================================

DOI:,10.1021/jacsau.4c01276
Details URL:,https://kmt.vander-lingen.nl/data/reaction/profile/d6af14307ac9a657751becf37f7c7569
Overall Reaction SMILES:,C(C)(=O)OC\C=C(\CC\C=C(\CC\C=C(\CO)/C)/C)/C>ClCCl.ClC=1C=C(C(=O)OO)C=CC1.C(O)([O-])=O.[Na+]>C(C)(=O)OC\C=C(\CC\C=C(\CCC1OC1(C)CO)/C)/C
Role,Name,SMILES,Ratio
reactant,"(2E,6E,10E)-12-Hydroxy-3,7,11-trimethyldodeca-2,6,10-trien-1-yl acetate",C(C)(=O)OC\C=C(\CC\C=C(\CC\C=C(\CO)/C)/C)/C,1.0
solvent,dichloromethane,ClCCl,264
oxidizing agent,meta-chloroperoxybenzoic acid,ClC=1C=C(C(=O)OO)C=CC1,1.0
quench,sodium hydrogen carbonate,C(O)([O-])=O.[Na+],727
product,"(2E,6E)-9-(3-(Hydroxymethyl)-3-methyloxiran-2-yl)-3,7-dimethylnona-2,6-dien-1-yl acetate",C(C)(=O)OC\C=C(\CC\C=C(\CCC1OC1(C)CO)/C)/C,0.7

==================================================

DOI:,10.1021/jacsau.4c01276
Details URL:,https://kmt.vander-lingen.nl/data/reaction/profile/7492b8e3c3f2b9f21ea192d6b1df603c
Overall Reaction SMILES:,C(C1=CC=CC=C1)(=O)Cl.C(C)(=O)OC\C=C(\CC\C=C(\CC[C@@H]1O[C@@]1(C)CO)/C)/C>C1(=CC=NC=C1)N(C)C.ClCCl.CCN(CC)CC>C(C1=CC=CC=C1)(=O)OC[C@@]1(O[C@H]1CC\C(=C\CC\C(=C\COC(C)=O)\C)\C)C
Role,Name,SMILES,Ratio
reactant,"(2E,6E)-9-((2S,3S)-3-(Hydroxymethyl)-3-methyloxiran-2-yl)-3,7-dimethylnona-2,6-dien-1-yl acetate",C(C)(=O)OC\C=C(\CC\C=C(\CC[C@@H]1O[C@@]1(C)CO)/C)/C,1.0
catalyst,4-dimethylaminopyridine,C1(=CC=NC=C1)N(C)C,0.2
solvent,dichloromethane,ClCCl,184
base,triethylamine,CCN(CC)CC,1.5
building block,benzoyl chloride,C(C1=CC=CC=C1)(=O)Cl,1.2
product,"((2S,3S)-3-((3E,7E)-9-Acetoxy-3,7-dimethylnona-3,7-dien-1-yl)-2-methyloxiran-2-yl)methyl benzoate",C(C1=CC=CC=C1)(=O)OC[C@@]1(O[C@H]1CC\C(=C\CC\C(=C\COC(C)=O)\C)\C)C,0.9

==================================================

DOI:,10.1021/jacsau.4c01276
Details URL:,https://kmt.vander-lingen.nl/data/reaction/profile/c771722dd1fb3f306669bd9d15601987
Overall Reaction SMILES:,C(C)(=O)OC\C=C(\CC\C=C(\CC[C@@H]1O[C@@]1(C)CO)/C)/C>ClCCl.C(C)(=O)OI1(OC(C2=C1C=CC=C2)=O)(OC(C)=O)OC(C)=O>C(C)(=O)OC\C=C(\CC\C=C(\CC[C@@H]1O[C@]1(C)C=O)/C)/C
Role,Name,SMILES,Ratio
reactant,"(2E,6E)-9-((2S,3S)-3-(Hydroxymethyl)-3-methyloxiran-2-yl)-3,7-dimethylnona-2,6-dien-1-yl acetate",C(C)(=O)OC\C=C(\CC\C=C(\CC[C@@H]1O[C@@]1(C)CO)/C)/C,1.0
solvent,dichloromethane,ClCCl,47.3
oxidizing agent,"3-Oxo-1,3-dihydro-1位5,2-benziodoxole-1,1,1-triyl triacetate",C(C)(=O)OI1(OC(C2=C1C=CC=C2)=O)(OC(C)=O)OC(C)=O,1.2
product,"(2E,6E)-9-((2S,3S)-3-(oxomethyl)-3-methyloxiran-2-yl)-3,7-dimethylnona-2,6-dien-1-yl acetate",C(C)(=O)OC\C=C(\CC\C=C(\CC[C@@H]1O[C@]1(C)C=O)/C)/C,

==================================================

DOI:,10.1021/jacsau.4c01276
Details URL:,https://kmt.vander-lingen.nl/data/reaction/profile/cc23e4631d50c7edc0c349109253f70a
Overall Reaction SMILES:,C(C)(=O)OC\C=C(\CC\C=C(\CC[C@@H]1O[C@]1(C)C=O)/C)/C>O.C1CCCO1.CC(C)(C)O.Cl(=O)[O-].[Na+].CC(C)=CC>C(C)(=O)OC\C=C(\CC\C=C(\CC[C@@H]1O[C@]1(C)C(=O)O)/C)/C
Role,Name,SMILES,Ratio
reactant,"(2E,6E)-9-((2S,3S)-3-(oxomethyl)-3-methyloxiran-2-yl)-3,7-dimethylnona-2,6-dien-1-yl acetate",C(C)(=O)OC\C=C(\CC\C=C(\CC[C@@H]1O[C@]1(C)C=O)/C)/C,1.0
solvent,water,O,167
solvent,tetrahydrofuran,C1CCCO1,37.2
solvent,tert-Butyl alcohol,CC(C)(C)O,2.9
oxidizing agent,sodium chlorite,Cl(=O)[O-].[Na+],2.0
reagent,2-methylbut-2-ene,CC(C)=CC,10.0
buffer,monopotassium phosphate,P(=O)(O)(O)[O-].[K+],5.0
product,"(2E,6E)-9-((2S,3S)-3-(hydroxyoxomethyl)-3-methyloxiran-2-yl)-3,7-dimethylnona-2,6-dien-1-yl acetate",C(C)(=O)OC\C=C(\CC\C=C(\CC[C@@H]1O[C@]1(C)C(=O)O)/C)/C,

==================================================

DOI:,10.1021/jacsau.4c01276
Details URL:,https://kmt.vander-lingen.nl/data/reaction/profile/d2a7624757841db6e86256f09356c828
Overall Reaction SMILES:,S(=O)(=O)(OC)OC.C(C)(=O)OC\C=C(\CC\C=C(\CC[C@@H]1O[C@]1(C)C(=O)O)/C)/C>C([O-])([O-])=O.[K+].[K+].CC(=O)C>C(C)(=O)OC/C=C(/CC/C=C(/CC[C@H]1[C@@](O1)(C(=O)OC)C)\C)\C
Role,Name,SMILES,Ratio
C1 synthon,dimethyl sulfate,S(=O)(=O)(OC)OC,0.9
reactant,"(2E,6E)-9-((2S,3S)-3-(hydroxyoxomethyl)-3-methyloxiran-2-yl)-3,7-dimethylnona-2,6-dien-1-yl acetate",C(C)(=O)OC\C=C(\CC\C=C(\CC[C@@H]1O[C@]1(C)C(=O)O)/C)/C,1.0
base,potassium carbonate,C([O-])([O-])=O.[K+].[K+],1.6
solvent,acetone,CC(=O)C,41.1
product,"methyl (2R,3S)-3-((3E,7E)-9-acetoxy-3,7-dimethylnona-3,7-dien-1-yl)-2-methyloxirane-2-carboxylate",C(C)(=O)OC/C=C(/CC/C=C(/CC[C@H]1[C@@](O1)(C(=O)OC)C)\C)\C,0.8

==================================================

DOI:,10.1021/jacsau.4c01276
Details URL:,https://kmt.vander-lingen.nl/data/reaction/profile/41a703446cf2b050807560d37510b81f
Overall Reaction SMILES:,C[Si](C)(C)Cl.C(C)(=O)OC/C=C(/CC/C=C(/CC[C@H]1[C@@](O1)(C(=O)OC)C)\C)\C>C1CCCO1.Cl.N1=C(C=C(C=C1C)C)C.[cH-]1cccc1.[cH-]1cccc1.Cl[Ti+2]Cl.[Mn]>C(C)(=O)OC[C@@H]1[C@]2(CC[C@@H]([C@]([C@@H]2CCC1=C)(C(=O)OC)C)O)C
Role,Name,SMILES,Ratio
reactant,"methyl (2R,3S)-3-((3E,7E)-9-acetoxy-3,7-dimethylnona-3,7-dien-1-yl)-2-methyloxirane-2-carboxylate",C(C)(=O)OC/C=C(/CC/C=C(/CC[C@H]1[C@@](O1)(C(=O)OC)C)\C)\C,1.0
solvent,tetrahydrofuran,C1CCCO1,69.7
quench,hydrogen chloride,Cl,124
protective group reagent,Trimethylsilyl chloride,C[Si](C)(C)Cl,4.0
non-nucleophilic base,"2,4,6-Trimethylpyridine",N1=C(C=C(C=C1C)C)C,7.0
element,manganese,[Mn],8.0
catalyst,bis(cyclopentadienyl)titanium chloride,[Cl-].C1(C=CC=C1)[Ti+2]C1C=CC=C1.[Cl-],0.2
product,"methyl (1S,2S,4aS,5S,8aR)-5-(acetoxymethyl)-2-hydroxy-1,4a-dimethyl-6-methylenedecahydronaphthalene-1-carboxylate",C(C)(=O)OC[C@@H]1[C@]2(CC[C@@H]([C@]([C@@H]2CCC1=C)(C(=O)OC)C)O)C,1.0

==================================================

DOI:,10.1021/jacsau.4c01276
Details URL:,https://kmt.vander-lingen.nl/data/reaction/profile/4f53d9bebe89fa37f05852cc4b386e87
Overall Reaction SMILES:,C(C)(=O)OC[C@@H]2[C@]1(CC[C@@H]([C@]([C@@H]1CCC2=C)(C(=O)[O-])C)OC(=S)S[Na])C>C1(=CC=CC=C1)C.CC(C)(C#N)/N=N/C(C)(C)C#N.C(CCC)[SnH](CCCC)CCCC>C(C)(=O)OC[C@@H]1[C@]2(CCC[C@]([C@@H]2CCC1=C)(C(=O)OC)C)C
Role,Name,SMILES,Ratio
reactant,WWARLXVILQHNCE-GDLXNQLUSA-L,C(C)(=O)OC[C@@H]2[C@]1(CC[C@@H]([C@]([C@@H]1CCC2=C)(C(=O)[O-])C)OC(=S)S[Na])C,1.0
solvent,toluene,C1(=CC=CC=C1)C,77.9
radical initiator,Azobisisobutyronitrile,CC(C)(C#N)/N=N/C(C)(C)C#N,0.3
reagent,tri-n-butyltin hydride,C(CCC)[SnH](CCCC)CCCC,3.0
product,"methyl (1R,4aS,5S,8aR)-5-(acetoxymethyl)-1,4a-dimethyl-6-methylenedecahydronaphthalene-1-carboxylate",C(C)(=O)OC[C@@H]1[C@]2(CCC[C@]([C@@H]2CCC1=C)(C(=O)OC)C)C,1.0

==================================================

DOI:,10.1021/jacsau.4c01276
Details URL:,https://kmt.vander-lingen.nl/data/reaction/profile/72f4e27f2e8a3b51ae9cd9a6493f381b
Overall Reaction SMILES:,C(C)(=O)OC[C@@H]1[C@]2(CCC[C@]([C@@H]2CCC1=C)(C(=O)OC)C)C>C(Cl)(Cl)(Cl)[H].CO[H].C([O-])([O-])=O.[K+].[K+]>OC[C@@H]1[C@]2(CCC[C@]([C@@H]2CCC1=C)(C(=O)OC)C)C
Role,Name,SMILES,Ratio
reactant,"methyl (1R,4aS,5S,8aR)-5-(acetoxymethyl)-1,4a-dimethyl-6-methylenedecahydronaphthalene-1-carboxylate",C(C)(=O)OC[C@@H]1[C@]2(CCC[C@]([C@@H]2CCC1=C)(C(=O)OC)C)C,1.0
solvent,chloroform,C(Cl)(Cl)(Cl)[H],43.8
solvent,methanol,CO[H],87.2
base,potassium carbonate,C([O-])([O-])=O.[K+].[K+],1.5
product,"methyl (1R,4aS,5S,8aR)-5-(hydroxymethyl)-1,4a-dimethyl-6-methylenedecahydronaphthalene-1-carboxylate",OC[C@@H]1[C@]2(CCC[C@]([C@@H]2CCC1=C)(C(=O)OC)C)C,0.000963

==================================================

DOI:,10.1021/jacsau.4c01276
Details URL:,https://kmt.vander-lingen.nl/data/reaction/profile/09deb73e7229f9ea29e8697340dd9848
Overall Reaction SMILES:,OC[C@@H]1[C@]2(CCC[C@]([C@@H]2CCC1=C)(C(=O)OC)C)C>ClCCl.C(C)(=O)OI1(OC(C2=C1C=CC=C2)=O)(OC(C)=O)OC(C)=O.C(O)([O-])=O.[Na+]>O=C[C@@H]1[C@]2(CCC[C@]([C@@H]2CCC1=C)(C(=O)OC)C)C
Role,Name,SMILES,Ratio
reactant,"methyl (1R,4aS,5S,8aR)-5-(hydroxymethyl)-1,4a-dimethyl-6-methylenedecahydronaphthalene-1-carboxylate",OC[C@@H]1[C@]2(CCC[C@]([C@@H]2CCC1=C)(C(=O)OC)C)C,1.0
solvent,dichloromethane,ClCCl,23.4
oxidizing agent,"3-Oxo-1,3-dihydro-1位5,2-benziodoxole-1,1,1-triyl triacetate",C(C)(=O)OI1(OC(C2=C1C=CC=C2)=O)(OC(C)=O)OC(C)=O,2.2
quench,sodium hydrogen carbonate,C(O)([O-])=O.[Na+],
product,"methyl (1R,4aS,5S,8aR)-5-(oxomethyl)-1,4a-dimethyl-6-methylenedecahydronaphthalene-1-carboxylate",O=C[C@@H]1[C@]2(CCC[C@]([C@@H]2CCC1=C)(C(=O)OC)C)C,

==================================================

DOI:,10.1021/jacsau.4c01276
Details URL:,https://kmt.vander-lingen.nl/data/reaction/profile/1766d1b54f4f9eebfc426ee76556c6de
Overall Reaction SMILES:,[Cl-].COC[P+](C1=CC=CC=C1)(C1=CC=CC=C1)C1=CC=CC=C1.O=C[C@@H]1[C@]2(CCC[C@]([C@@H]2CCC1=C)(C(=O)OC)C)C>C1CCCO1.Cl.C[Si](C)(C)[N-][Si](C)(C)C.[Li+]>C[C@]1(CCC[C@@]2([C@H](C(CC[C@@H]12)=C)CC=O)C)C(=O)OC
Role,Name,SMILES,Ratio
reactant,(methoxymethyl)triphenylphosphonium chloride,[Cl-].COC[P+](C1=CC=CC=C1)(C1=CC=CC=C1)C1=CC=CC=C1,8.0
reactant,"methyl (1R,4aS,5S,8aR)-5-(oxomethyl)-1,4a-dimethyl-6-methylenedecahydronaphthalene-1-carboxylate",O=C[C@@H]1[C@]2(CCC[C@]([C@@H]2CCC1=C)(C(=O)OC)C)C,1.0
solvent,tetrahydrofuran,C1CCCO1,345
quench,hydrogen chloride,Cl,32.0
non-nucleophilic base,lithium bis(trimethylsilyl)amide,C[Si](C)(C)[N-][Si](C)(C)C.[Li+],8.0
product,"methyl (1R,4aR,5S,8aR)-1,4a-dimethyl-6-methylene-5-(2-oxoethyl)decahydronaphthalene-1-carboxylate",C[C@]1(CCC[C@@]2([C@H](C(CC[C@@H]12)=C)CC=O)C)C(=O)OC,4.0

==================================================

DOI:,10.1021/jacsau.4c01276
Details URL:,https://kmt.vander-lingen.nl/data/reaction/profile/9b54a2465c6ce18e76f8402e546841c0
Overall Reaction SMILES:,C1(=CC=CC=C1)P(=C(C=O)C)(C1=CC=CC=C1)C1=CC=CC=C1.C[C@]1(CCC[C@@]2([C@H](C(CC[C@@H]12)=C)CC=O)C)C(=O)OC>C1(=CC=CC=C1)C>C[C@]1(CCC[C@@]2([C@H](C(CC[C@@H]12)=C)C\C=C(\C=O)/C)C)C(=O)OC
Role,Name,SMILES,Ratio
reactant,2-(triphenylphosphoranylidene)propionaldehyde,C1(=CC=CC=C1)P(=C(C=O)C)(C1=CC=CC=C1)C1=CC=CC=C1,3.0
reactant,"methyl (1R,4aR,5S,8aR)-1,4a-dimethyl-6-methylene-5-(2-oxoethyl)decahydronaphthalene-1-carboxylate",C[C@]1(CCC[C@@]2([C@H](C(CC[C@@H]12)=C)CC=O)C)C(=O)OC,1.0
solvent,toluene,C1(=CC=CC=C1)C,86.5
product,"methyl (1R,4aR,5S,8aR)-1,4a-dimethyl-5-((E)-3-methyl-4-oxobut-2-en-1-yl)-6-methylenedecahydronaphthalene-1-carboxylate",C[C@]1(CCC[C@@]2([C@H](C(CC[C@@H]12)=C)C\C=C(\C=O)/C)C)C(=O)OC,1.0

==================================================

DOI:,10.1021/jacsau.4c01276
Details URL:,https://kmt.vander-lingen.nl/data/reaction/profile/ed75874bf5d2a30bce3d5f54ef5aa9ac
Overall Reaction SMILES:,[Br-].C[P+](C1=CC=CC=C1)(C1=CC=CC=C1)C1=CC=CC=C1.C[C@]1(CCC[C@@]2([C@H](C(CC[C@@H]12)=C)C\C=C(\C=O)/C)C)C(=O)OC>CC(C)(C)[O-].[K+].C1CCCO1.[Cl-].[NH4+]>COC(=O)[C@@]1(CCC[C@@]2([C@H](C(CC[C@@H]12)=C)C\C=C(\C=C)/C)C)C
Role,Name,SMILES,Ratio
C1 synthon,methyltriphenylphosphonium bromide,[Br-].C[P+](C1=CC=CC=C1)(C1=CC=CC=C1)C1=CC=CC=C1,3.0
reactant,"methyl (1R,4aR,5S,8aR)-1,4a-dimethyl-5-((E)-3-methyl-4-oxobut-2-en-1-yl)-6-methylenedecahydronaphthalene-1-carboxylate",C[C@]1(CCC[C@@]2([C@H](C(CC[C@@H]12)=C)C\C=C(\C=O)/C)C)C(=O)OC,1.0
non-nucleophilic base,potassium tert-butoxide,CC(C)(C)[O-].[K+],3.0
solvent,tetrahydrofuran,C1CCCO1,117
quench,ammonium chloride,[Cl-].[NH4+],117
product,"(1R,4aR,5S,8aR)-1,4a-Dimethyl-6-methylene-5-[(2E)-3-methyl-2,4-pentadien-1-yl]decahydro-1-naphthalenecarboxylic acid methyl ester",COC(=O)[C@@]1(CCC[C@@]2([C@H](C(CC[C@@H]12)=C)C\C=C(\C=C)/C)C)C,1.0

==================================================

DOI:,10.1021/jacsau.4c01276
Details URL:,https://kmt.vander-lingen.nl/data/reaction/profile/97a3c4296365fd622aa65acd68218a80
Overall Reaction SMILES:,C(C)(C)C=1C(=CC=C(C1OC)OC)OC>ClCCl.C1(=CC=C(C=C1)S(=O)(=O)O)C.IN1C(CCC1=O)=O.[O-]S(=O)(=S)[O-].[Na+].[Na+]>IC1=C(C(=C(C(=C1)OC)OC)C(C)C)OC
Role,Name,SMILES,Ratio
reactant,"3-isopropyl-2,4,5-trimethoxybenzene",C(C)(C)C=1C(=CC=C(C1OC)OC)OC,1.0
solvent,dichloromethane,ClCCl,45.4
catalyst,p-toluenesulfonic acid,C1(=CC=C(C=C1)S(=O)(=O)O)C,0.2
halogenation reagent,N-iodosuccinimide,IN1C(CCC1=O)=O,1.2
quench,sodium thiosulfate,[O-]S(=O)(=S)[O-].[Na+].[Na+],15.7
product,"1-Iodo-3-isopropyl-2,4,5-trimethoxybenzene",IC1=C(C(=C(C(=C1)OC)OC)C(C)C)OC,

==================================================

DOI:,10.1021/jacsau.4c01276
Details URL:,https://kmt.vander-lingen.nl/data/reaction/profile/4d28c56776eb4d94565a6ef0fe49d653
Overall Reaction SMILES:,C(C1=CC=CC=C1)OC[C@@]1(O[C@H]1CC\C(=C\C=C)\C)C.IC1=C(C(=C(C(=C1)OC)OC)C(C)C)OC>C1CCCO1.[OH-].[Na+].B1C2CCCC1CCC2.ClCCl.[Pd](Cl)Cl.C1(=CC=CC=C1)P(C1=CC=CC=C1)[C-]1C=CC=C1.[CH-]1C=CC=C1.[Fe+2].C1(=CC=CC=C1)P(C1=CC=CC=C1)[C-]1C=CC=C1.[CH-]1C=CC=C1.[Fe+2]>C(C1=CC=CC=C1)OC[C@@]1(O[C@H]1CC\C(=C\CCC1=C(C(=C(C(=C1)OC)OC)C(C)C)OC)\C)C
Role,Name,SMILES,Ratio
reactant,"(2S,3S)-2-((Benzyloxy)methyl)-2-methyl-3-((E)-3-methylhexa-3,5-dien-1-yl)oxirane",C(C1=CC=CC=C1)OC[C@@]1(O[C@H]1CC\C(=C\C=C)\C)C,1.0
reactant,"1-Iodo-3-isopropyl-2,4,5-trimethoxybenzene",IC1=C(C(=C(C(=C1)OC)OC)C(C)C)OC,1.0
solvent,tetrahydrofuran,C1CCCO1,21.4
base,sodium hydroxide,[OH-].[Na+],55.5
reagent,9-borabicyclo[3.3.1]nonane,B1C2CCCC1CCC2,1.0
catalyst,bis-(diphenylphosphinoferrocene) palladium dichloride dichloromethane,ClCCl.[Pd](Cl)Cl.C1(=CC=CC=C1)P(C1=CC=CC=C1)[C-]1C=CC=C1.[CH-]1C=CC=C1.[Fe+2].C1(=CC=CC=C1)P(C1=CC=CC=C1)[C-]1C=CC=C1.[CH-]1C=CC=C1.[Fe+2],0.05
product,"(2S,3S)-2-((Benzyloxy)methyl)-3-((E)-6-(3-isopropyl-2,4,5-trimethoxyphenyl)-3-methylhex-3-en-1-yl)-2-methyloxirane",C(C1=CC=CC=C1)OC[C@@]1(O[C@H]1CC\C(=C\CCC1=C(C(=C(C(=C1)OC)OC)C(C)C)OC)\C)C,1.0

==================================================

DOI:,10.1021/jacsau.4c01276
Details URL:,https://kmt.vander-lingen.nl/data/reaction/profile/84bbc5faa4ecea46c820442b89eff562
Overall Reaction SMILES:,C(C1=CC=CC=C1)OC[C@@]1(O[C@H]1CC\C(=C\CCC1=C(C(=C(C(=C1)OC)OC)C(C)C)OC)\C)C>ClCCl.C(O)([O-])=O.[Na+].B(F)(F)F.CCOCC>C(C1=CC=CC=C1)OC[C@@]1([C@H](CC[C@@]2(C3=C(C(=C(C(=C3CC[C@@H]12)OC)C(C)C)OC)OC)C)O)C.C(C1=CC=CC=C1)OC[C@@]1([C@H](CCC(=C1CCC1=C(C(=C(C(=C1)OC)OC)C(C)C)OC)C)O)C
Role,Name,SMILES,Ratio
reactant,"(2S,3S)-2-((Benzyloxy)methyl)-3-((E)-6-(3-isopropyl-2,4,5-trimethoxyphenyl)-3-methylhex-3-en-1-yl)-2-methyloxirane",C(C1=CC=CC=C1)OC[C@@]1(O[C@H]1CC\C(=C\CCC1=C(C(=C(C(=C1)OC)OC)C(C)C)OC)\C)C,1.0
solvent,dichloromethane,ClCCl,101
quench,sodium hydrogen carbonate,C(O)([O-])=O.[Na+],117
reagent,boron trifluoride diethyl etherate,B(F)(F)F.CCOCC,1.2
product,"(1R,2S,4aS,10aR)-1-((Benzyloxy)methyl)-7-isopropyl-5,6,8-trimethoxy-1,4a-dimethyl-1,2,3,4,4a,9,10,10a-octahydrophenanthren-2-ol",C(C1=CC=CC=C1)OC[C@@]1([C@H](CC[C@@]2(C3=C(C(=C(C(=C3CC[C@@H]12)OC)C(C)C)OC)OC)C)O)C,
product,"(1S,2R)-2-((Benzyloxy)methyl)-3-(3-isopropyl-2,4,5-trimethoxyphenethyl)-2,4-dimethylcyclohex-3-en-1-ol",C(C1=CC=CC=C1)OC[C@@]1([C@H](CCC(=C1CCC1=C(C(=C(C(=C1)OC)OC)C(C)C)OC)C)O)C,

==================================================

DOI:,10.1021/jacsau.4c01276
Details URL:,https://kmt.vander-lingen.nl/data/reaction/profile/5ed4b08b7d0b7b6f82f2992f1aac9195
Overall Reaction SMILES:,C(C1=CC=CC=C1)OC[C@@]1([C@H](CC[C@@]2(C3=C(C(=C(C(=C3CC[C@@H]12)OC)C(C)C)OC)OC)C)O)C>CO[H].[Pd]C>OC[C@@]1([C@H](CC[C@@]2(C3=C(C(=C(C(=C3CC[C@@H]12)OC)C(C)C)OC)OC)C)O)C
Role,Name,SMILES,Ratio
reactant,"(1R,2S,4aS,10aR)-1-((Benzyloxy)methyl)-7-isopropyl-5,6,8-trimethoxy-1,4a-dimethyl-1,2,3,4,4a,9,10,10a-octahydrophenanthren-2-ol",C(C1=CC=CC=C1)OC[C@@]1([C@H](CC[C@@]2(C3=C(C(=C(C(=C3CC[C@@H]12)OC)C(C)C)OC)OC)C)O)C,1.0
solvent,methanol,CO[H],180
catalyst,palladium on carbon,[Pd]C,0.4
product,"(1R,2S,4aS,10aR)-1-(Hydroxymethyl)-7-isopropyl-5,6,8-trimethoxy-1,4a-dimethyl-1,2,3,4,4a,9,10,10a-octahydrophenanthren-2-ol",OC[C@@]1([C@H](CC[C@@]2(C3=C(C(=C(C(=C3CC[C@@H]12)OC)C(C)C)OC)OC)C)O)C,1.0

==================================================

DOI:,10.1021/jacsau.4c01276
Details URL:,https://kmt.vander-lingen.nl/data/reaction/profile/141a5151beaf66b8ae390745accc4838
Overall Reaction SMILES:,CI.C(=S)=S.OC[C@@]1([C@H](CC[C@@]2(C3=C(C(=C(C(=C3CC[C@@H]12)OC)C(C)C)OC)OC)C)O)C>C1CCCO1.[H-].[Na+]>C(OC[C@@]1([C@H](CC[C@@]2(C3=C(C(=C(C(=C3CC[C@@H]12)OC)C(C)C)OC)OC)C)OC(=S)SC)C)(=S)SC
Role,Name,SMILES,Ratio
C1 synthon,methyl iodide,CI,8.0
reactant,"(1R,2S,4aS,10aR)-1-(Hydroxymethyl)-7-isopropyl-5,6,8-trimethoxy-1,4a-dimethyl-1,2,3,4,4a,9,10,10a-octahydrophenanthren-2-ol",OC[C@@]1([C@H](CC[C@@]2(C3=C(C(=C(C(=C3CC[C@@H]12)OC)C(C)C)OC)OC)C)O)C,1.0
solvent,tetrahydrofuran,C1CCCO1,107
base,sodium hydride,[H-].[Na+],4.0
building block,carbon disulfide,C(=S)=S,6.0
product,"O-(((1R,2S,4aS,10aR)-7-Isopropyl-5,6,8-trimethoxy-1,4a-dimethyl-2-(((methylthio)carbonothioyl)oxy)-1,2,3,4,4a,9,10,10a-octahydrophenanthren-1-yl)methyl) S-methyl carbonodithioate",C(OC[C@@]1([C@H](CC[C@@]2(C3=C(C(=C(C(=C3CC[C@@H]12)OC)C(C)C)OC)OC)C)OC(=S)SC)C)(=S)SC,

==================================================

DOI:,10.1021/jacsau.4c01276
Details URL:,https://kmt.vander-lingen.nl/data/reaction/profile/983114d9e174bb55a57f8b228058c0e7
Overall Reaction SMILES:,C(OC[C@@]1([C@H](CC[C@@]2(C3=C(C(=C(C(=C3CC[C@@H]12)OC)C(C)C)OC)OC)C)OC(=S)SC)C)(=S)SC>C1(=CC=CC=C1)C.CC(C)(C#N)/N=N/C(C)(C)C#N.C(CCC)[SnH](CCCC)CCCC>C(C)(C)C1=C(C(=C2[C@]3(CCCC([C@@H]3CCC2=C1OC)(C)C)C)OC)OC
Role,Name,SMILES,Ratio
reactant,"O-(((1R,2S,4aS,10aR)-7-Isopropyl-5,6,8-trimethoxy-1,4a-dimethyl-2-(((methylthio)carbonothioyl)oxy)-1,2,3,4,4a,9,10,10a-octahydrophenanthren-1-yl)methyl) S-methyl carbonodithioate",C(OC[C@@]1([C@H](CC[C@@]2(C3=C(C(=C(C(=C3CC[C@@H]12)OC)C(C)C)OC)OC)C)OC(=S)SC)C)(=S)SC,1.0
solvent,toluene,C1(=CC=CC=C1)C,72.6
radical initiator,Azobisisobutyronitrile,CC(C)(C#N)/N=N/C(C)(C)C#N,0.6
reagent,tri-n-butyltin hydride,C(CCC)[SnH](CCCC)CCCC,6.0
product,"(4aS,10aS)-7-Isopropyl-5,6,8-trimethoxy-1,1,4a-trimethyl-1,2,3,4,4a,9,10,10a-octahydrophenanthrene",C(C)(C)C1=C(C(=C2[C@]3(CCCC([C@@H]3CCC2=C1OC)(C)C)C)OC)OC,

==================================================

DOI:,10.1021/jacsau.4c01276
Details URL:,https://kmt.vander-lingen.nl/data/reaction/profile/471090f8d0faafe3cd1302ac41de8613
Overall Reaction SMILES:,C(C)(C)C1=C(C(=C2[C@]3(CCCC([C@@H]3CCC2=C1OC)(C)C)C)OC)OC>ClCCl.[O-2].[O-2].[O-2].[Cr+6].CC1=NNC(=C1)C>C(C)(C)C1=C(C=C2[C@]3(CCCC([C@@H]3CC(C2=C1)=O)(C)C)C)OC
Role,Name,SMILES,Ratio
reactant,"(4aS,10aS)-7-Isopropyl-5,6,8-trimethoxy-1,1,4a-trimethyl-1,2,3,4,4a,9,10,10a-octahydrophenanthrene",C(C)(C)C1=C(C(=C2[C@]3(CCCC([C@@H]3CCC2=C1OC)(C)C)C)OC)OC,1.0
solvent,dichloromethane,ClCCl,96.9
oxidizing agent,chromium trioxide,[O-2].[O-2].[O-2].[Cr+6],10.0
reagent,"3,5-dimethylpyrazole",CC1=NNC(=C1)C,10.0
product,"(4aS,10aS)-7-Isopropyl-6-methoxy-1,1,4a-trimethyl-2,3,4,4a,10,10a-hexahydrophenanthren-9(1H)-one",C(C)(C)C1=C(C=C2[C@]3(CCCC([C@@H]3CC(C2=C1)=O)(C)C)C)OC,

==================================================

DOI:,10.1021/jacsau.4c01276
Details URL:,https://kmt.vander-lingen.nl/data/reaction/profile/adfd49f0eaf4709e3bc49ce9fcbf8111
Overall Reaction SMILES:,C(C)(C)C1=C(C=C2[C@]3(CCCC([C@@H]3CC(C2=C1)=O)(C)C)C)OC>CC#N.C1CCC2=NCCCN2CC1.C(C)(=O)NC1=CC=C(C=C1)S(=O)(=O)N=[N+]=[N-]>[N+](=[N-])=C1C(C2=C(C(=C(C(=C2[C@]2(CCCC([C@H]12)(C)C)C)OC)OC)C(C)C)OC)=O
Role,Name,SMILES,Ratio
reactant,"(4aS,10aS)-7-Isopropyl-6-methoxy-1,1,4a-trimethyl-2,3,4,4a,10,10a-hexahydrophenanthren-9(1H)-one",C(C)(C)C1=C(C=C2[C@]3(CCCC([C@@H]3CC(C2=C1)=O)(C)C)C)OC,1.0
solvent,acetonitrile,CC#N,28.1
non-nucleophilic base,"1,8-Diazabicyclo[5.4.0]undec-7-ene",C1CCC2=NCCCN2CC1,2.5
reagent,4-acetamidobenzenesulphonyl azide,C(C)(=O)NC1=CC=C(C=C1)S(=O)(=O)N=[N+]=[N-],2.0
product,"(4aS,10aS)-10-Diazo-7-isopropyl-5,6,8-trimethoxy-1,1,4a-trimethyl-2,3,4,4a,10,10a-hexahydrophenanthren-9(1H)-one",[N+](=[N-])=C1C(C2=C(C(=C(C(=C2[C@]2(CCCC([C@H]12)(C)C)C)OC)OC)C(C)C)OC)=O,

==================================================

DOI:,10.1021/jacsau.4c01276
Details URL:,https://kmt.vander-lingen.nl/data/reaction/profile/8397fe3b9ac2fd44c03759eea4af82c0
Overall Reaction SMILES:,C(C1=CC=CC=C1)O.[N+](=[N-])=C1C(C2=C(C(=C(C(=C2[C@]2(CCCC([C@H]12)(C)C)C)OC)OC)C(C)C)OC)=O>N1=C(C=C(C=C1C)C)C>C(C)(C)C1=C(C(=C2[C@]3(CCCC([C@@H]3[C@@H](C2=C1OC)C(=O)OCC1=CC=CC=C1)(C)C)C)OC)OC
Role,Name,SMILES,Ratio
reactant,"(4aS,10aS)-10-Diazo-7-isopropyl-5,6,8-trimethoxy-1,1,4a-trimethyl-2,3,4,4a,10,10a-hexahydrophenanthren-9(1H)-one",[N+](=[N-])=C1C(C2=C(C(=C(C(=C2[C@]2(CCCC([C@H]12)(C)C)C)OC)OC)C(C)C)OC)=O,1.0
non-nucleophilic base,"2,4,6-Trimethylpyridine",N1=C(C=C(C=C1C)C)C,5.0
building block,benzyl alcohol,C(C1=CC=CC=C1)O,5.0
product,"Benzyl (4aS,9S,9aS)-7-isopropyl-5,6,8-trimethoxy-1,1,4a-trimethyl-2,3,4,4a,9,9a-hexahydro-1H-fluorene-9-carboxylate",C(C)(C)C1=C(C(=C2[C@]3(CCCC([C@@H]3[C@@H](C2=C1OC)C(=O)OCC1=CC=CC=C1)(C)C)C)OC)OC,

==================================================

DOI:,10.1021/jacsau.4c01276
Details URL:,https://kmt.vander-lingen.nl/data/reaction/profile/14e1de795379c2c2324c30a0b101d950
Overall Reaction SMILES:,C(C)(C)C1=C(C(=C2[C@]3(CCCC([C@@H]3[C@@H](C2=C1OC)C=O)(C)C)C)OC)OC>ClCCl.ClC=1C=C(C(=O)OO)C=CC1.C(O)([O-])=O.[Na+]>C(=O)O[C@@H]1C2=C(C(=C(C(=C2[C@]2(CCCC([C@H]12)(C)C)C)OC)OC)C(C)C)OC
Role,Name,SMILES,Ratio
reactant,"(4aS,9S,9aS)-7-Isopropyl-5,6,8-trimethoxy-1,1,4a-trimethyl-2,3,4,4a,9,9a-hexahydro-1H-fluorene-9-carbaldehyde",C(C)(C)C1=C(C(=C2[C@]3(CCCC([C@@H]3[C@@H](C2=C1OC)C=O)(C)C)C)OC)OC,1.0
solvent,dichloromethane,ClCCl,75.2
oxidizing agent,meta-chloroperoxybenzoic acid,ClC=1C=C(C(=O)OO)C=CC1,1.5
base,sodium hydrogen carbonate,C(O)([O-])=O.[Na+],2.5
product,"((4aS,9S,9aS)-7-Isopropyl-5,6,8-trimethoxy-1,1,4a-trimethyl-2,3,4,4a,9,9a-hexahydro-1H-fluorene-9-yl) formate",C(=O)O[C@@H]1C2=C(C(=C(C(=C2[C@]2(CCCC([C@H]12)(C)C)C)OC)OC)C(C)C)OC,

==================================================

DOI:,10.1021/jacsau.4c01276
Details URL:,https://kmt.vander-lingen.nl/data/reaction/profile/35ac874a63d20a10ac3cf02ed2391dad
Overall Reaction SMILES:,C(C)(C)C1=C(C(=C2[C@]3(CCCC([C@@H]3[C@@H](C2=C1OC)O)(C)C)C)OC)OC>CC#N.O.[N+](=O)([O-])[O-].[NH4+].[Ce+4].[N+](=O)([O-])[O-].[N+](=O)([O-])[O-].[N+](=O)([O-])[O-].[N+](=O)([O-])[O-]>O[C@H]1[C@H]2C(CCC[C@@]2(C=2C(C(=C(C(C12)=O)C(C)C)OC)=O)C)(C)C
Role,Name,SMILES,Ratio
reactant,"(4aS,9S,9aS)-7-Isopropyl-5,6,8-trimethoxy-1,1,4a-trimethyl-2,3,4,4a,9,9a-hexahydro-1H-fluoren-9-ol",C(C)(C)C1=C(C(=C2[C@]3(CCCC([C@@H]3[C@@H](C2=C1OC)O)(C)C)C)OC)OC,1.0
solvent,acetonitrile,CC#N,162
solvent,water,O,469
oxidizing agent,ceric ammonium nitrate,[N+](=O)([O-])[O-].[NH4+].[Ce+4].[N+](=O)([O-])[O-].[N+](=O)([O-])[O-].[N+](=O)([O-])[O-].[N+](=O)([O-])[O-],5.0
product,"(4bS,8aS,9S)-9-Hydroxy-2-isopropyl-3-methoxy-4b,8,8-trimethyl-5,6,7,8,8a,9-hexahydro-1H-fluorene-1,4(4bH)-dione",O[C@H]1[C@H]2C(CCC[C@@]2(C=2C(C(=C(C(C12)=O)C(C)C)OC)=O)C)(C)C,

==================================================

DOI:,10.1021/jacsau.4c01276
Details URL:,https://kmt.vander-lingen.nl/data/reaction/profile/387df8a576d39a725b42bfce9cac05ae
Overall Reaction SMILES:,C(C)(C)C1=C(C([C@]23CC=C([C@H]([C@@]3([C@H]([C@H]3C(CCC[C@]23C)(C)C)O)C1=O)C[C@@H]1[C@]2(CCC[C@]([C@@H]2CCC1=C)(C(=O)OC)C)C)C)=O)OC>ClCCl.C(C)(=O)OI1(OC(C2=C1C=CC=C2)=O)(OC(C)=O)OC(C)=O>C(C)(C)C1=C(C([C@]23CC=C([C@H]([C@@]3(C([C@H]3C(CCC[C@]23C)(C)C)=O)C1=O)C[C@@H]1[C@]2(CCC[C@]([C@@H]2CCC1=C)(C(=O)OC)C)C)C)=O)OC
Role,Name,SMILES,Ratio
reactant,"methyl (1R,4aR,5S,8aR,9S)-5-(((1R,4aR,4bS,8aS,9aR)-11-isopropyl-12-methoxy-2,4b,8,8-tetramethyl-9-hydroxy-10,13-dioxo-1,4,4b,5,7,8,8a,9-octahydro-6H-4a,9a-but[2]enofluoren-1-yl)methyl)-1,4a-dimethyl-6-methylenedecahydronaphthalene-1-carboxylate",C(C)(C)C1=C(C([C@]23CC=C([C@H]([C@@]3([C@H]([C@H]3C(CCC[C@]23C)(C)C)O)C1=O)C[C@@H]1[C@]2(CCC[C@]([C@@H]2CCC1=C)(C(=O)OC)C)C)C)=O)OC,1.0
solvent,dichloromethane,ClCCl,244
oxidizing agent,"3-Oxo-1,3-dihydro-1位5,2-benziodoxole-1,1,1-triyl triacetate",C(C)(=O)OI1(OC(C2=C1C=CC=C2)=O)(OC(C)=O)OC(C)=O,1.2
product,"methyl (1R,4aR,5S,8aR)-5-(((1R,4aR,4bS,8aS,9aR)-11-isopropyl-12-methoxy-2,4b,8,8-tetramethyl-9,10,13-trioxo-1,4,4b,5,7,8,8a,9-octahydro-6H-4a,9a-but[2]enofluoren-1-yl)methyl)-1,4a-dimethyl-6-methylenedecahydronaphthalene-1-carboxylate",C(C)(C)C1=C(C([C@]23CC=C([C@H]([C@@]3(C([C@H]3C(CCC[C@]23C)(C)C)=O)C1=O)C[C@@H]1[C@]2(CCC[C@]([C@@H]2CCC1=C)(C(=O)OC)C)C)C)=O)OC,

==================================================

DOI:,10.1021/jacsau.4c01276
Details URL:,https://kmt.vander-lingen.nl/data/reaction/profile/11020db16d8305594a927da27efd0b29
Overall Reaction SMILES:,COC(=O)[C@@]1(CCC[C@@]2([C@H](C(CC[C@@H]12)=C)C\C=C(\C=C)/C)C)C.O[C@H]1[C@H]2C(CCC[C@@]2(C=2C(C(=C(C(C12)=O)C(C)C)OC)=O)C)(C)C>ClCCl.FC(C(C(C(CC(C(C)(C)C)=O)=O)(F)F)(F)F)(F)F.FC(C(C(C(CC(C(C)(C)C)=O)=O)(F)F)(F)F)(F)F.FC(C(C(C(CC(C(C)(C)C)=O)=O)(F)F)(F)F)(F)F.[Eu]>C(C)(C)C1=C(C([C@]23CC=C([C@H]([C@@]3(C([C@H]3C(CCC[C@]23C)(C)C)=O)C1=O)C[C@@H]1[C@]2(CCC[C@]([C@@H]2CCC1=C)(C(=O)OC)C)C)C)=O)OC
Role,Name,SMILES,Ratio
reactant,"(1R,4aR,5S,8aR)-1,4a-Dimethyl-6-methylene-5-[(2E)-3-methyl-2,4-pentadien-1-yl]decahydro-1-naphthalenecarboxylic acid methyl ester",COC(=O)[C@@]1(CCC[C@@]2([C@H](C(CC[C@@H]12)=C)C\C=C(\C=C)/C)C)C,1.1
reactant,"(4bS,8aS,9S)-9-Hydroxy-2-isopropyl-3-methoxy-4b,8,8-trimethyl-5,6,7,8,8a,9-hexahydro-1H-fluorene-1,4(4bH)-dione",O[C@H]1[C@H]2C(CCC[C@@]2(C=2C(C(=C(C(C12)=O)C(C)C)OC)=O)C)(C)C,1.0
solvent,dichloromethane,ClCCl,120
Lewis acid,"europium Tris(1,1,1,2,2,3,3-heptafluoro-7,7-dimethyl-4,6-octanedione)",FC(C(C(C(CC(C(C)(C)C)=O)=O)(F)F)(F)F)(F)F.FC(C(C(C(CC(C(C)(C)C)=O)=O)(F)F)(F)F)(F)F.FC(C(C(C(CC(C(C)(C)C)=O)=O)(F)F)(F)F)(F)F.[Eu],0.2
product,"methyl (1R,4aR,5S,8aR)-5-(((1R,4aR,4bS,8aS,9aR)-11-isopropyl-12-methoxy-2,4b,8,8-tetramethyl-9,10,13-trioxo-1,4,4b,5,7,8,8a,9-octahydro-6H-4a,9a-but[2]enofluoren-1-yl)methyl)-1,4a-dimethyl-6-methylenedecahydronaphthalene-1-carboxylate",C(C)(C)C1=C(C([C@]23CC=C([C@H]([C@@]3(C([C@H]3C(CCC[C@]23C)(C)C)=O)C1=O)C[C@@H]1[C@]2(CCC[C@]([C@@H]2CCC1=C)(C(=O)OC)C)C)C)=O)OC,0.7

==================================================

DOI:,10.1021/jacsau.4c01276
Details URL:,https://kmt.vander-lingen.nl/data/reaction/profile/cc10a9e997898a29d7d2c54f9dbf52b4
Overall Reaction SMILES:,C(C)(C)C1=C(C([C@]23CC=C([C@H]([C@@]3(C([C@H]3C(CCC[C@]23C)(C)C)=O)C1=O)C[C@@H]1[C@]2(CCC[C@]([C@@H]2CCC1=C)(C(=O)OC)C)C)C)=O)OC>[Cl-].[NH4+].N1=C(C=C(C=C1C)C)C.[I-].[Li+]>OC=1C([C@]23CC=C([C@H]([C@@]3(C([C@H]3C(CCC[C@]23C)(C)C)=O)C(C1C(C)C)=O)C[C@@H]1[C@]2(CCC[C@]([C@@H]2CCC1=C)(C(=O)O)C)C)C)=O
Role,Name,SMILES,Ratio
reactant,"methyl (1R,4aR,5S,8aR)-5-(((1R,4aR,4bS,8aS,9aR)-11-isopropyl-12-methoxy-2,4b,8,8-tetramethyl-9,10,13-trioxo-1,4,4b,5,7,8,8a,9-octahydro-6H-4a,9a-but[2]enofluoren-1-yl)methyl)-1,4a-dimethyl-6-methylenedecahydronaphthalene-1-carboxylate",C(C)(C)C1=C(C([C@]23CC=C([C@H]([C@@]3(C([C@H]3C(CCC[C@]23C)(C)C)=O)C1=O)C[C@@H]1[C@]2(CCC[C@]([C@@H]2CCC1=C)(C(=O)OC)C)C)C)=O)OC,1.0
quench,ammonium chloride,[Cl-].[NH4+],3550
non-nucleophilic base,"2,4,6-Trimethylpyridine",N1=C(C=C(C=C1C)C)C,619
catalyst,lithium iodide,[I-].[Li+],10.0
product,"(1R,4aR,5S,8aR)-5-(((1R,4aR,4bS,8aS,9aR)-12-hydroxy-11-isopropyl-2,4b,8,8-tetramethyl-9,10,13-trioxo-1,4,4b,5,7,8,8a,9-octahydro-6H-4a,9a-but[2]enofluoren-1-yl)methyl)-1,4a-dimethyl-6-methylenedecahydronaphthalene-1-carboxylic acid",OC=1C([C@]23CC=C([C@H]([C@@]3(C([C@H]3C(CCC[C@]23C)(C)C)=O)C(C1C(C)C)=O)C[C@@H]1[C@]2(CCC[C@]([C@@H]2CCC1=C)(C(=O)O)C)C)C)=O,

==================================================

DOI:,10.1021/jacsau.4c01276
Details URL:,https://kmt.vander-lingen.nl/data/reaction/profile/f60676b87fb3fb15cb93c2260301e683
Overall Reaction SMILES:,C(C)(=O)OC\C=C(\CC\C=C(\CC\C=C(\CO)/C)/C)/C>ClCCl.[OH-].[Na+].C(C)(C)(C)OO.CC([O-])C.[Ti+4].CC([O-])C.CC([O-])C.CC([O-])C.O[C@@H](C(=O)OCC)[C@@H](C(=O)OCC)O>C(C)(=O)OC\C=C(\CC\C=C(\CC[C@@H]1O[C@@]1(C)CO)/C)/C
Role,Name,SMILES,Ratio
reactant,"(2E,6E,10E)-12-Hydroxy-3,7,11-trimethyldodeca-2,6,10-trien-1-yl acetate",C(C)(=O)OC\C=C(\CC\C=C(\CC\C=C(\CO)/C)/C)/C,1.0
solvent,dichloromethane,ClCCl,4.0
quench,sodium hydroxide,[OH-].[Na+],75.3
oxidizing agent,tert-butyl hydroperoxide,C(C)(C)(C)OO,2.0
Lewis acid,Titanium isopropoxide,CC([O-])C.[Ti+4].CC([O-])C.CC([O-])C.CC([O-])C,0.3
desiccant,4A molsieves,*4A molsieves,
ligand,"Diethyl (2R,3S)-2,3-dihydroxysuccinate",O[C@@H](C(=O)OCC)[C@@H](C(=O)OCC)O,0.10
product,"(2E,6E)-9-((2S,3S)-3-(Hydroxymethyl)-3-methyloxiran-2-yl)-3,7-dimethylnona-2,6-dien-1-yl acetate",C(C)(=O)OC\C=C(\CC\C=C(\CC[C@@H]1O[C@@]1(C)CO)/C)/C,

==================================================

DOI:,10.1021/jacsau.4c01276
Details URL:,https://kmt.vander-lingen.nl/data/reaction/profile/a7b0495c238337a66893d82eb3f9d73d
Overall Reaction SMILES:,CI.C(=S)=S.C(C)(=O)OC[C@@H]1[C@]2(CC[C@@H]([C@]([C@@H]2CCC1=C)(C(=O)OC)C)O)C>C1CCCO1.[H-].[Na+].[Cl-].[NH4+]>C(C)(=O)OC[C@@H]2[C@]1(CC[C@@H]([C@]([C@@H]1CCC2=C)(C(=O)[O-])C)OC(=S)S[Na])C
Role,Name,SMILES,Ratio
C1 synthon,methyl iodide,CI,4.0
reactant,"methyl (1S,2S,4aS,5S,8aR)-5-(acetoxymethyl)-2-hydroxy-1,4a-dimethyl-6-methylenedecahydronaphthalene-1-carboxylate",C(C)(=O)OC[C@@H]1[C@]2(CC[C@@H]([C@]([C@@H]2CCC1=C)(C(=O)OC)C)O)C,1.0
solvent,tetrahydrofuran,C1CCCO1,102
base,sodium hydride,[H-].[Na+],1.1
quench,ammonium chloride,[Cl-].[NH4+],234
building block,carbon disulfide,C(=S)=S,2.1
solvent,mineral oil,*mineral oil,
product,WWARLXVILQHNCE-GDLXNQLUSA-L,C(C)(=O)OC[C@@H]2[C@]1(CC[C@@H]([C@]([C@@H]1CCC2=C)(C(=O)[O-])C)OC(=S)S[Na])C,

==================================================

DOI:,10.1021/jacsau.4c01276
Details URL:,https://kmt.vander-lingen.nl/data/reaction/profile/84fdb7aa5444134e1188cd0cd2b391d9
Overall Reaction SMILES:,C(C)(C)C1=C(C(=C2[C@]3(CCCC([C@@H]3[C@@H](C2=C1OC)C(=O)OCC1=CC=CC=C1)(C)C)C)OC)OC>C1CCCO1.[H-].[Al+3].[Li+].[H-].[H-].[H-]>C(C)(C)C1=C(C(=C2[C@]3(CCCC([C@@H]3[C@@H](C2=C1OC)CO)(C)C)C)OC)OC
Role,Name,SMILES,Ratio
reactant,"Benzyl (4aS,9S,9aS)-7-isopropyl-5,6,8-trimethoxy-1,1,4a-trimethyl-2,3,4,4a,9,9a-hexahydro-1H-fluorene-9-carboxylate",C(C)(C)C1=C(C(=C2[C@]3(CCCC([C@@H]3[C@@H](C2=C1OC)C(=O)OCC1=CC=CC=C1)(C)C)C)OC)OC,1.0
solvent,tetrahydrofuran,C1CCCO1,85.2
reducing agent,lithium aluminum hydride,[H-].[Al+3].[Li+].[H-].[H-].[H-],2.5
product,"((4aS,9S,9aS)-7-Isopropyl-5,6,8-trimethoxy-1,1,4a-trimethyl-2,3,4,4a,9,9a-hexahydro-1H-fluoren-9-yl)methanol",C(C)(C)C1=C(C(=C2[C@]3(CCCC([C@@H]3[C@@H](C2=C1OC)CO)(C)C)C)OC)OC,

==================================================

DOI:,10.1021/jacsau.4c01276
Details URL:,https://kmt.vander-lingen.nl/data/reaction/profile/d4ead019feed7366aabaee1889dc682c
Overall Reaction SMILES:,C(C)(C)C1=C(C(=C2[C@]3(CCCC([C@@H]3[C@@H](C2=C1OC)CO)(C)C)C)OC)OC>ClCCl.C(C)(=O)OI1(OC(C2=C1C=CC=C2)=O)(OC(C)=O)OC(C)=O>C(C)(C)C1=C(C(=C2[C@]3(CCCC([C@@H]3[C@@H](C2=C1OC)C=O)(C)C)C)OC)OC
Role,Name,SMILES,Ratio
reactant,"((4aS,9S,9aS)-7-Isopropyl-5,6,8-trimethoxy-1,1,4a-trimethyl-2,3,4,4a,9,9a-hexahydro-1H-fluoren-9-yl)methanol",C(C)(C)C1=C(C(=C2[C@]3(CCCC([C@@H]3[C@@H](C2=C1OC)CO)(C)C)C)OC)OC,1.0
solvent,dichloromethane,ClCCl,62.3
oxidizing agent,"3-Oxo-1,3-dihydro-1位5,2-benziodoxole-1,1,1-triyl triacetate",C(C)(=O)OI1(OC(C2=C1C=CC=C2)=O)(OC(C)=O)OC(C)=O,1.2
product,"(4aS,9S,9aS)-7-Isopropyl-5,6,8-trimethoxy-1,1,4a-trimethyl-2,3,4,4a,9,9a-hexahydro-1H-fluorene-9-carbaldehyde",C(C)(C)C1=C(C(=C2[C@]3(CCCC([C@@H]3[C@@H](C2=C1OC)C=O)(C)C)C)OC)OC,

==================================================

DOI:,10.1021/jacsau.4c01276
Details URL:,https://kmt.vander-lingen.nl/data/reaction/profile/9811687a8ec7e73ffbcd2832114cc666
Overall Reaction SMILES:,C(=O)O[C@@H]1C2=C(C(=C(C(=C2[C@]2(CCCC([C@H]12)(C)C)C)OC)OC)C(C)C)OC>C(Cl)(Cl)(Cl)[H].CO[H].C([O-])([O-])=O.[K+].[K+]>C(C)(C)C1=C(C(=C2[C@]3(CCCC([C@@H]3[C@@H](C2=C1OC)O)(C)C)C)OC)OC
Role,Name,SMILES,Ratio
reactant,"((4aS,9S,9aS)-7-Isopropyl-5,6,8-trimethoxy-1,1,4a-trimethyl-2,3,4,4a,9,9a-hexahydro-1H-fluorene-9-yl) formate",C(=O)O[C@@H]1C2=C(C(=C(C(=C2[C@]2(CCCC([C@H]12)(C)C)C)OC)OC)C(C)C)OC,1.0
solvent,chloroform,C(Cl)(Cl)(Cl)[H],29.8
solvent,methanol,CO[H],59.3
base,potassium carbonate,C([O-])([O-])=O.[K+].[K+],1.5
product,"(4aS,9S,9aS)-7-Isopropyl-5,6,8-trimethoxy-1,1,4a-trimethyl-2,3,4,4a,9,9a-hexahydro-1H-fluoren-9-ol",C(C)(C)C1=C(C(=C2[C@]3(CCCC([C@@H]3[C@@H](C2=C1OC)O)(C)C)C)OC)OC,

==================================================

